0.0,5.0278234,-5.1666875,6.919243,3.0,1.0,0.0,0.0,0.0,0.0
2.818063437E9,9.868899,-1.8866309,-2.0254946,3.0,1.0,0.0,0.0,0.0,0.0
2.91787651E9,9.011775,-2.777274,-2.1739352,3.0,1.0,0.0,0.0,0.0,0.0
3.038676197E9,0.7330322,-0.27996826,0.616333,3.0,15.0,0.0,0.0,0.0,0.0
3.039401562E9,-0.51826173,-0.41099855,0.019116212,3.0,4.0,0.0,0.0,0.0,0.0
3.259421093E9,8.66701,-3.7301662,-2.7581203,3.0,1.0,0.0,0.0,0.0,0.0
3.477814374E9,8.887277,-3.2273839,-3.2465374,3.0,1.0,0.0,0.0,0.0,0.0
3.540005051E9,-0.21027832,-0.06584473,0.078588866,3.0,4.0,0.0,0.0,0.0,0.0
3.643890364E9,-0.0722168,-0.016992187,0.010620117,3.0,4.0,0.0,0.0,0.0,0.0
3.75813828E9,-0.15823975,0.0180542,0.016992187,3.0,4.0,0.0,0.0,0.0,0.0
3.863581145E9,-0.1083252,0.20709229,0.06478272,3.0,4.0,0.0,0.0,0.0,0.0
3.897682603E9,8.987833,-3.4237084,-3.7828386,3.0,1.0,0.0,0.0,0.0,0.0
4.004159999E9,8.872911,-2.72939,-3.1124623,3.0,1.0,0.0,0.0,0.0,0.0
4.123403488E9,9.198523,-3.4045548,-2.1547816,3.0,1.0,0.0,0.0,0.0,0.0
4.240775207E9,9.5385,-2.7389667,-1.5514427,3.0,1.0,0.0,0.0,0.0,0.0
4.342827603E9,9.452309,-2.825158,-1.4460979,3.0,1.0,0.0,0.0,0.0,0.0
4.463154009E9,9.653421,-2.6384103,-0.81881696,3.0,1.0,0.0,0.0,0.0,0.0
4.584183905E9,9.844957,-2.5713725,-0.49320555,3.0,1.0,0.0,0.0,0.0,0.0
4.684857238E9,9.667787,-2.4372973,-0.51714754,3.0,1.0,0.0,0.0,0.0,0.0
4.804608176E9,9.701305,-2.3080103,-0.30166942,3.0,1.0,0.0,0.0,0.0,0.0
4.904629842E9,9.715671,-2.2936451,-0.25378537,3.0,1.0,0.0,0.0,0.0,0.0
5.005293176E9,9.557653,-2.2936451,-0.33039984,3.0,1.0,0.0,0.0,0.0,0.0
5.120580571E9,9.557653,-2.4899697,-0.35434186,3.0,1.0,0.0,0.0,0.0,0.0
5.226397134E9,9.433155,-2.6910827,-0.50278234,3.0,1.0,0.0,0.0,0.0,0.0
5.324029686E9,9.437943,-2.7964275,-0.6895301,3.0,1.0,0.0,0.0,0.0,0.0
5.423503644E9,9.552865,-2.72939,-0.80924016,3.0,1.0,0.0,0.0,0.0,0.0
5.525874009E9,9.471462,-2.6671407,-0.94810385,3.0,1.0,0.0,0.0,0.0,0.0
5.624869894E9,9.528923,-2.7581203,-1.1971009,3.0,1.0,0.0,0.0,0.0,0.0
5.745442186E9,9.471462,-2.906561,-1.3551182,3.0,1.0,0.0,0.0,0.0,0.0
5.863582238E9,9.624691,-3.0119057,-1.5945383,3.0,1.0,0.0,0.0,0.0,0.0
5.966387029E9,9.696517,-3.098097,-1.7286136,3.0,1.0,0.0,0.0,0.0,0.0
6.043039269E9,0.74523926,-0.1262207,0.65301514,3.0,15.0,0.0,0.0,0.0,0.0
6.080613331E9,9.557653,-3.1555579,-1.8339585,3.0,1.0,0.0,0.0,0.0,0.0
6.185939634E9,10.13705,-3.323152,-1.6232687,3.0,1.0,0.0,0.0,0.0,0.0
6.286463696E9,10.46745,-5.837064,-0.6895301,3.0,1.0,0.0,0.0,0.0,0.0
6.404239008E9,9.677363,-8.781932,0.34476504,3.0,1.0,0.0,0.0,0.0,0.0
6.84351255E9,2.834735,-7.1490865,3.5338416,3.0,1.0,0.0,0.0,0.0,0.0
6.881803539E9,0.72854006,-0.4364868,0.121069334,3.0,4.0,0.0,0.0,0.0,0.0
6.945237185E9,2.7724855,-7.1586633,4.9655743,3.0,1.0,0.0,0.0,0.0,0.0
7.066913383E9,2.6767175,-7.2304893,5.032612,3.0,1.0,0.0,0.0,0.0,0.0
7.168030362E9,3.193865,-6.71813,6.4404025,3.0,1.0,0.0,0.0,0.0,0.0
7.285044164E9,3.0310593,-8.034941,5.7365074,3.0,1.0,0.0,0.0,0.0,0.0
7.408357341E9,2.695871,-8.465898,4.8123455,3.0,1.0,0.0,0.0,0.0,0.0
7.527701716E9,1.4891934,-8.973468,4.003105,3.0,1.0,0.0,0.0,0.0,0.0
7.626601664E9,0.9576807,-8.475474,4.6591167,3.0,1.0,0.0,0.0,0.0,0.0
7.742058643E9,0.6799533,-8.283937,4.1706996,3.0,1.0,0.0,0.0,0.0,0.0
7.843707081E9,1.091756,-7.374141,4.209007,3.0,1.0,0.0,0.0,0.0,0.0
7.945209008E9,2.542642,-7.101202,8.384495,3.0,1.0,0.0,0.0,0.0,0.0
8.048732549E9,3.8402996,-5.4444146,1.4748282,3.0,1.0,0.0,0.0,0.0,0.0
8.16324906E9,4.0940847,-5.1762643,-0.89543146,3.0,1.0,0.0,0.0,0.0,0.0
8.268230101E9,6.7229185,-4.4819455,-1.3503298,3.0,1.0,0.0,0.0,0.0,0.0
8.366804216E9,18.272547,-6.0621185,-3.466804,3.0,1.0,0.0,0.0,0.0,0.0
8.485170466E9,9.509769,-1.5179238,1.7142484,3.0,1.0,0.0,0.0,0.0,0.0
8.609521455E9,10.553641,-7.321469,-2.504335,3.0,1.0,0.0,0.0,0.0,0.0
8.723671143E9,9.346964,-1.6041151,-1.2593501,3.0,1.0,0.0,0.0,0.0,0.0
8.823428903E9,9.706094,-3.4093432,-1.5610195,3.0,1.0,0.0,0.0,0.0,0.0
8.92972083E9,10.448297,-3.0789435,-1.2449849,3.0,1.0,0.0,0.0,0.0,0.0
9.044963018E9,9.811439,-2.207454,-1.0630256,3.0,1.0,0.0,0.0,0.0,0.0
9.044342341E9,0.72473145,-0.11608887,0.6630249,3.0,15.0,0.0,0.0,0.0,0.0
9.163921195E9,9.782708,-2.6192567,-0.9816227,3.0,1.0,0.0,0.0,0.0,0.0
9.264805361E9,10.127473,-2.954445,-0.78050977,3.0,1.0,0.0,0.0,0.0,0.0
9.366929007E9,10.864887,-2.7485435,-0.94331545,3.0,1.0,0.0,0.0,0.0,0.0
9.490101143E9,8.307879,-2.6431987,0.076614454,3.0,1.0,0.0,0.0,0.0,0.0
9.606438643E9,9.629479,-3.1555579,1.0342951,3.0,1.0,0.0,0.0,0.0,0.0
9.729492132E9,8.700529,-2.2457612,1.5849615,3.0,1.0,0.0,0.0,0.0,0.0
9.829509684E9,7.5944076,-1.0773908,1.9249382,3.0,1.0,0.0,0.0,0.0,0.0
9.88581932E9,0.31435546,-0.45666504,-0.11151123,3.0,4.0,0.0,0.0,0.0,0.0
9.947318851E9,7.7428484,-2.9352913,0.89543146,3.0,1.0,0.0,0.0,0.0,0.0
1.0049080309E10,8.901642,-4.213795,-0.23463176,3.0,1.0,0.0,0.0,0.0,0.0
1.0165087028E10,13.852851,-3.6008794,-2.231396,3.0,1.0,0.0,0.0,0.0,0.0
1.0289545257E10,13.110648,-3.7253778,-1.7669208,3.0,1.0,0.0,0.0,0.0,0.0
1.0390334476E10,10.951078,-2.1547816,-1.0821792,3.0,1.0,0.0,0.0,0.0,0.0
1.0491086507E10,8.283937,-1.5035586,-0.6991069,3.0,1.0,0.0,0.0,0.0,0.0
1.0611282653E10,7.953538,-1.2593501,-0.78529817,3.0,1.0,0.0,0.0,0.0,0.0
1.0730710726E10,13.01488,-2.5330653,-1.8052281,3.0,1.0,0.0,0.0,0.0,0.0
1.0831124007E10,9.385271,-4.9655743,0.521936,3.0,1.0,0.0,0.0,0.0,0.0
1.0947443538E10,10.510546,-1.3934253,-1.5849615,3.0,1.0,0.0,0.0,0.0,0.0
1.1047746038E10,5.7029886,-3.4620156,-0.023942016,3.0,1.0,0.0,0.0,0.0,0.0
1.115095109E10,6.861782,-4.9176903,0.6943185,3.0,1.0,0.0,0.0,0.0,0.0
1.1265560413E10,12.176909,-4.548983,-0.009576807,3.0,1.0,0.0,0.0,0.0,0.0
1.1368487288E10,16.333244,-4.3239284,-0.59376204,3.0,1.0,0.0,0.0,0.0,0.0
1.1492180152E10,12.53604,-1.2018893,-1.7286136,3.0,1.0,0.0,0.0,0.0,0.0
1.160769135E10,8.599973,-1.5514427,-0.89064306,3.0,1.0,0.0,0.0,0.0,0.0
1.1707172288E10,8.145074,-0.9816227,-2.777274,3.0,1.0,0.0,0.0,0.0,0.0
1.180906635E10,11.779472,-0.35913026,-2.2697031,3.0,1.0,0.0,0.0,0.0,0.0
1.1910739006E10,10.060435,-4.1371803,0.7757214,3.0,1.0,0.0,0.0,0.0,0.0
1.2028151298E10,9.773131,-2.5139117,0.7469909,3.0,1.0,0.0,0.0,0.0,0.0
1.2046146558E10,0.5887451,0.51464844,0.48101807,3.0,15.0,0.0,0.0,0.0,0.0
1.2147623173E10,8.561666,-4.189853,0.7469909,3.0,1.0,0.0,0.0,0.0,0.0
1.2247831975E10,10.290278,-4.9895163,0.94810385,3.0,1.0,0.0,0.0,0.0,0.0
1.2352606454E10,15.576676,-4.7500963,-0.4213795,3.0,1.0,0.0,0.0,0.0,0.0
1.2466819162E10,17.290924,-1.4460979,-4.027047,3.0,1.0,0.0,0.0,0.0,0.0
1.2573249579E10,9.409213,-1.3551182,-0.80445176,3.0,1.0,0.0,0.0,0.0,0.0
1.268979036E10,7.8865004,-1.5275006,-1.4796166,3.0,1.0,0.0,0.0,0.0,0.0
1.2813490568E10,9.921572,-0.40222588,-1.910573,3.0,1.0,0.0,0.0,0.0,0.0
1.2887714266E10,-1.0301514,0.011682129,-3.2168336,3.0,4.0,0.0,0.0,0.0,0.0
1.2929794996E10,12.191275,-3.6104562,-0.16280572,3.0,1.0,0.0,0.0,0.0,0.0
1.3052802912E10,10.232818,-2.4516625,0.5554548,3.0,1.0,0.0,0.0,0.0,0.0
1.3173874995E10,9.77792,-4.074931,0.22984336,3.0,1.0,0.0,0.0,0.0,0.0
1.3271534214E10,9.792285,-5.631162,1.2114661,3.0,1.0,0.0,0.0,0.0,0.0
1.3374143745E10,17.798496,-5.7029886,-2.0350714,3.0,1.0,0.0,0.0,0.0,0.0
1.3473993381E10,14.848839,-0.14844051,-3.169923,3.0,1.0,0.0,0.0,0.0,0.0
1.3574423172E10,10.376471,-1.0582372,-0.8331822,3.0,1.0,0.0,0.0,0.0,0.0
1.3691023954E10,6.823475,-0.6991069,-1.3072342,3.0,1.0,0.0,0.0,0.0,0.0
1.3793342704E10,7.565677,-2.3894134,-1.1252748,3.0,1.0,0.0,0.0,0.0,0.0
1.389483036E10,11.549629,-4.333505,0.17238252,3.0,1.0,0.0,0.0,0.0,0.0
1.4012208485E10,13.158532,-2.030283,0.6368576,3.0,1.0,0.0,0.0,0.0,0.0
1.4109874995E10,6.5218053,-3.4284968,-0.7517793,3.0,1.0,0.0,0.0,0.0,0.0
1.4214236662E10,7.723695,-4.984728,0.34476504,3.0,1.0,0.0,0.0,0.0,0.0
1.4314580464E10,8.365341,-6.1195793,0.8475474,3.0,1.0,0.0,0.0,0.0,0.0
1.4415510151E10,16.64449,-4.960786,-1.9009962,3.0,1.0,0.0,0.0,0.0,0.0
1.4534803849E10,14.207192,-1.9536686,-3.3806129,3.0,1.0,0.0,0.0,0.0,0.0
1.4634507755E10,9.289502,-1.9393034,-0.35913026,3.0,1.0,0.0,0.0,0.0,0.0
1.4750903693E10,7.9391727,-0.9672575,-2.183512,3.0,1.0,0.0,0.0,0.0,0.0
1.4871344057E10,10.912771,-0.81881696,-2.3558946,3.0,1.0,0.0,0.0,0.0,0.0
1.4975974474E10,9.816227,-3.4237084,0.80924016,3.0,1.0,0.0,0.0,0.0,0.0
1.5055008745E10,0.50775146,0.53131104,0.3336792,3.0,15.0,0.0,0.0,0.0,0.0
1.5090208224E10,11.286267,-1.7908629,0.18195933,3.0,1.0,0.0,0.0,0.0,0.0
1.5195628432E10,8.082825,-5.3678,1.7142484,3.0,1.0,0.0,0.0,0.0,0.0
1.529634963E10,10.117896,-3.9217024,1.4700398,3.0,1.0,0.0,0.0,0.0,0.0
1.5414932547E10,14.111424,-3.53863,-1.7908629,3.0,1.0,0.0,0.0,0.0,0.0
1.5530706192E10,13.814544,-2.3319526,-3.2561142,3.0,1.0,0.0,0.0,0.0,0.0
1.5632378692E10,9.730036,-2.6048915,-0.9720459,3.0,1.0,0.0,0.0,0.0,0.0
1.5737354057E10,7.6135616,-1.0390835,-1.2976574,3.0,1.0,0.0,0.0,0.0,0.0
1.5853272078E10,9.255983,-0.18674773,-2.552219,3.0,1.0,0.0,0.0,0.0,0.0
1.5893577807E10,-1.6248779,0.7327881,-1.4156617,3.0,4.0,0.0,0.0,0.0,0.0
1.5977471921E10,10.864887,-3.6822822,-0.842759,3.0,1.0,0.0,0.0,0.0,0.0
1.6097187286E10,13.958196,-3.2513258,0.7326257,3.0,1.0,0.0,0.0,0.0,0.0
1.6217315359E10,7.417237,-3.3279405,1.1300632,3.0,1.0,0.0,0.0,0.0,0.0
1.6316974786E10,10.141838,-3.8833952,1.0486604,3.0,1.0,0.0,0.0,0.0,0.0
1.643452015E10,15.2367,-4.3957543,-0.91937345,3.0,1.0,0.0,0.0,0.0,0.0
1.6536710307E10,15.203181,-3.1603463,-3.6631286,3.0,1.0,0.0,0.0,0.0,0.0
1.6638765202E10,11.382035,-1.1923125,-1.7525556,3.0,1.0,0.0,0.0,0.0,0.0
1.6755398379E10,9.11712,-0.3878607,-2.0159178,3.0,1.0,0.0,0.0,0.0,0.0
1.6873833379E10,8.327033,1.4317327,-1.3742718,3.0,1.0,0.0,0.0,0.0,0.0
1.6997257234E10,11.674128,-3.7780502,-0.8810662,3.0,1.0,0.0,0.0,0.0,0.0
1.709825515E10,14.719552,-2.255338,0.89543146,3.0,1.0,0.0,0.0,0.0,0.0
1.7197748275E10,7.2592196,-3.6822822,0.9864111,3.0,1.0,0.0,0.0,0.0,0.0
1.7317964629E10,10.093954,-4.333505,1.5275006,3.0,1.0,0.0,0.0,0.0,0.0
1.7435475358E10,16.299725,-4.8841715,-0.04309563,3.0,1.0,0.0,0.0,0.0,0.0
1.7538492338E10,17.070658,-2.0733786,-4.2281604,3.0,1.0,0.0,0.0,0.0,0.0
1.76369214E10,9.749189,-1.0630256,-0.82360536,3.0,1.0,0.0,0.0,0.0,0.0
1.7755393327E10,10.333375,-0.8475474,-2.5905263,3.0,1.0,0.0,0.0,0.0,0.0
1.7878728848E10,8.896853,0.7517793,-1.2018893,3.0,1.0,0.0,0.0,0.0,0.0
1.7978608379E10,10.611102,-2.8395233,-1.2066777,3.0,1.0,0.0,0.0,0.0,0.0
1.8056395462E10,0.31903076,0.6564331,0.099243164,3.0,15.0,0.0,0.0,0.0,0.0
1.8093933796E10,14.12579,-4.9655743,0.94331545,3.0,1.0,0.0,0.0,0.0,0.0
1.8219152962E10,9.279925,-2.5378537,0.58897364,3.0,1.0,0.0,0.0,0.0,0.0
1.8318942077E10,10.462662,-4.295198,1.5466543,3.0,1.0,0.0,0.0,0.0,0.0
1.8419857598E10,17.520767,-4.510676,-0.90021986,3.0,1.0,0.0,0.0,0.0,0.0
1.8535480098E10,14.805743,-0.9576807,-3.8259344,3.0,1.0,0.0,0.0,0.0,0.0
1.86384339E10,8.954314,-2.2218192,0.11971009,3.0,1.0,0.0,0.0,0.0,0.0
1.8739981712E10,9.576807,-0.04309563,-2.3319526,3.0,1.0,0.0,0.0,0.0,0.0
1.8841115202E10,10.208876,1.1013328,-2.078167,3.0,1.0,0.0,0.0,0.0,0.0
1.8898564264E10,-1.1321045,0.45772704,-2.9566407,3.0,4.0,0.0,0.0,0.0,0.0
1.8958532493E10,11.789049,-4.3861775,0.05267244,3.0,1.0,0.0,0.0,0.0,0.0
1.9059303222E10,13.005303,-1.2018893,-0.45489833,3.0,1.0,0.0,0.0,0.0,0.0
1.9159954004E10,7.3166804,-4.10845,1.6998832,3.0,1.0,0.0,0.0,0.0,0.0
1.9275450618E10,11.314998,-5.0374002,1.0630256,3.0,1.0,0.0,0.0,0.0,0.0
1.9379767285E10,18.918982,-5.401319,-1.4317327,3.0,1.0,0.0,0.0,0.0,0.0
1.9481957962E10,14.001291,-2.1643584,-2.5187001,3.0,1.0,0.0,0.0,0.0,0.0
1.9595929785E10,9.069236,-0.8858546,-0.30166942,3.0,1.0,0.0,0.0,0.0,0.0
1.9696356191E10,9.370906,0.18674773,-2.0254946,3.0,1.0,0.0,0.0,0.0,0.0
1.9800584368E10,11.405977,0.51714754,-2.1787236,3.0,1.0,0.0,0.0,0.0,0.0
1.9900551972E10,11.722012,-3.466804,0.18674773,3.0,1.0,0.0,0.0,0.0,0.0
2.0003141555E10,13.40753,-0.48362875,-0.24899697,3.0,1.0,0.0,0.0,0.0,0.0
2.0120196868E10,7.8625584,-5.449203,1.0390835,3.0,1.0,0.0,0.0,0.0,0.0
2.0218569941E10,9.662998,-6.3302693,0.7469909,3.0,1.0,0.0,0.0,0.0,0.0
2.031909843E10,17.128119,-6.081272,-0.8571242,3.0,1.0,0.0,0.0,0.0,0.0
2.0419836972E10,13.728353,-2.5761611,-3.217807,3.0,1.0,0.0,0.0,0.0,0.0
2.0541944524E10,10.213664,-1.9057846,-0.06703765,3.0,1.0,0.0,0.0,0.0,0.0
2.0658569263E10,10.5440645,0.4165911,-3.083732,3.0,1.0,0.0,0.0,0.0,0.0
2.0782256503E10,11.291056,0.16759412,-1.4077905,3.0,1.0,0.0,0.0,0.0,0.0
2.0899289159E10,12.454638,-2.9113493,-0.05267244,3.0,1.0,0.0,0.0,0.0,0.0
2.100196119E10,11.592725,-3.466804,-0.30166942,3.0,1.0,0.0,0.0,0.0,0.0
2.1058391451E10,0.24713135,0.7336426,0.21716309,3.0,15.0,0.0,0.0,0.0,0.0
2.1116245305E10,9.241618,-5.1810527,0.94810385,3.0,1.0,0.0,0.0,0.0,0.0
2.1222752649E10,11.305421,-7.9631147,1.5705963,3.0,1.0,0.0,0.0,0.0,0.0
2.1322355669E10,18.851944,-4.620809,-1.3599066,3.0,1.0,0.0,0.0,0.0,0.0
2.144020619E10,16.089035,-2.2505496,-3.1268275,3.0,1.0,0.0,0.0,0.0,0.0
2.1540229367E10,12.727576,-2.3558946,-1.0055647,3.0,1.0,0.0,0.0,0.0,0.0
2.1644086815E10,9.370906,2.3989902,-2.9400797,3.0,1.0,0.0,0.0,0.0,0.0
2.1761862596E10,10.28549,0.8523358,-1.5131354,3.0,1.0,0.0,0.0,0.0,0.0
2.1861781815E10,15.978902,-2.9783869,-0.51235914,3.0,1.0,0.0,0.0,0.0,0.0
2.1900006555E10,-1.269104,-1.8691406,-5.789026,3.0,4.0,0.0,0.0,0.0,0.0
2.1978391034E10,11.827356,-5.923255,-1.6184803,3.0,1.0,0.0,0.0,0.0,0.0
2.2078463482E10,9.77792,-4.8362875,0.5506664,3.0,1.0,0.0,0.0,0.0,0.0
2.2203286242E10,11.33894,-7.129933,0.641646,3.0,1.0,0.0,0.0,0.0,0.0
2.2323288169E10,15.030798,-2.585738,-3.2273839,3.0,1.0,0.0,0.0,0.0,0.0
2.2442951502E10,11.9614315,-2.801216,-0.7182605,3.0,1.0,0.0,0.0,0.0,0.0
2.2561699627E10,9.816227,-0.17717093,-2.0398598,3.0,1.0,0.0,0.0,0.0,0.0
2.2666609836E10,9.121908,1.388637,-2.3175871,3.0,1.0,0.0,0.0,0.0,0.0
2.2781491502E10,11.841722,-2.336741,-1.2210429,3.0,1.0,0.0,0.0,0.0,0.0
2.2899212908E10,14.164097,-1.5801731,0.24899697,3.0,1.0,0.0,0.0,0.0,0.0
2.3004000513E10,8.99741,-5.2720323,0.521936,3.0,1.0,0.0,0.0,0.0,0.0
2.3124043429E10,10.424355,-5.0757074,2.0494366,3.0,1.0,0.0,0.0,0.0,0.0
2.3223907387E10,19.85751,-5.659893,-1.3838485,3.0,1.0,0.0,0.0,0.0,0.0
2.3339651867E10,15.820885,-2.0111294,-3.4620156,3.0,1.0,0.0,0.0,0.0,0.0
2.3439815877E10,12.3876,-5.884948,-1.1061212,3.0,1.0,0.0,0.0,0.0,0.0
2.3539328741E10,9.878476,-6.181829,-3.394978,3.0,1.0,0.0,0.0,0.0,0.0
2.3640036866E10,5.93762,-8.7053175,-0.78529817,3.0,1.0,0.0,0.0,0.0,0.0
2.3741788012E10,2.1164744,-7.345411,0.7661445,3.0,1.0,0.0,0.0,0.0,0.0
2.3846441346E10,2.60968,-4.721366,2.4756045,3.0,1.0,0.0,0.0,0.0,0.0
2.3962258793E10,-2.4899697,-7.541735,0.7757214,3.0,1.0,0.0,0.0,0.0,0.0
2.4065070825E10,0.6088257,0.26727295,-0.5550537,3.0,15.0,0.0,0.0,0.0,0.0
2.4065720148E10,-4.8937483,-6.895301,3.7062242,3.0,1.0,0.0,0.0,0.0,0.0
2.4181812908E10,-6.4787097,-12.727576,1.1061212,3.0,1.0,0.0,0.0,0.0,0.0
2.4301749835E10,-2.4229321,-9.279925,0.51235914,3.0,1.0,0.0,0.0,0.0,0.0
2.4400203897E10,-0.023942016,-6.646304,0.15322891,3.0,1.0,0.0,0.0,0.0,0.0
2.452051921E10,-0.81881696,-7.795521,0.50757074,3.0,1.0,0.0,0.0,0.0,0.0
2.4621317543E10,2.96881,-6.5936313,0.81881696,3.0,1.0,0.0,0.0,0.0,0.0
2.4720855147E10,9.222465,-6.373365,-0.78529817,3.0,1.0,0.0,0.0,0.0,0.0
2.482535546E10,11.808203,-3.466804,-0.7374141,3.0,1.0,0.0,0.0,0.0,0.0
2.4904456345E10,-4.7461305,2.170752,-4.8353395,3.0,4.0,0.0,0.0,0.0,0.0
2.4942757335E10,14.30775,-5.7843914,-2.2649148,3.0,1.0,0.0,0.0,0.0,0.0
2.506740697E10,10.0508585,-7.4268136,-3.596091,3.0,1.0,0.0,0.0,0.0,0.0
2.5183973689E10,13.771448,-9.44752,0.7374141,3.0,1.0,0.0,0.0,0.0,0.0
2.5286789626E10,15.720328,-2.753332,-3.7588966,3.0,1.0,0.0,0.0,0.0,0.0
2.5387203949E10,13.230358,0.7038953,0.08619126,3.0,1.0,0.0,0.0,0.0,0.0
2.5823968011E10,12.957419,-3.1986535,-1.661576,3.0,1.0,0.0,0.0,0.0,0.0
2.5927400616E10,11.48738,-7.2113357,-0.2633622,3.0,1.0,0.0,0.0,0.0,0.0
2.6027840355E10,9.988609,-6.090849,1.6280571,3.0,1.0,0.0,0.0,0.0,0.0
2.6127405095E10,17.84159,-8.082825,-0.5746084,3.0,1.0,0.0,0.0,0.0,0.0
2.6244297751E10,16.965313,-0.06703765,-3.5625722,3.0,1.0,0.0,0.0,0.0,0.0
2.6348263584E10,12.708423,-2.0111294,-0.1340753,3.0,1.0,0.0,0.0,0.0,0.0
2.6448756605E10,9.653421,1.8483237,-3.0119057,3.0,1.0,0.0,0.0,0.0,0.0
2.6554706865E10,11.362882,3.0502129,-1.4939818,3.0,1.0,0.0,0.0,0.0,0.0
2.6668465824E10,14.872781,-3.5434184,-0.31603462,3.0,1.0,0.0,0.0,0.0,0.0
2.6783831344E10,9.749189,-3.3135753,-1.2785037,3.0,1.0,0.0,0.0,0.0,0.0
2.6883079313E10,9.437943,-5.6215854,0.7278373,3.0,1.0,0.0,0.0,0.0,0.0
2.6988655146E10,8.925584,-6.5696893,1.2258313,3.0,1.0,0.0,0.0,0.0,0.0
2.7067385303E10,0.23498535,0.7789917,0.28881836,3.0,15.0,0.0,0.0,0.0,0.0
2.7103102959E10,18.119318,-4.9703627,-1.6184803,3.0,1.0,0.0,0.0,0.0,0.0
2.7208570042E10,16.692375,-0.521936,-2.920926,3.0,1.0,0.0,0.0,0.0,0.0
2.7309318532E10,10.85531,-1.4317327,-0.5410896,3.0,1.0,0.0,0.0,0.0,0.0
2.7424956969E10,8.00621,0.5554548,-1.8770541,3.0,1.0,0.0,0.0,0.0,0.0
2.7526721969E10,10.414778,0.36391866,-1.9201498,3.0,1.0,0.0,0.0,0.0,0.0
2.7629565094E10,12.694057,-3.964798,-0.5506664,3.0,1.0,0.0,0.0,0.0,0.0
2.7745313479E10,15.035586,-2.2840683,-1.6950948,3.0,1.0,0.0,0.0,0.0,0.0
2.7849129104E10,9.217676,-6.0046577,0.2873042,3.0,1.0,0.0,0.0,0.0,0.0
2.7905829156E10,0.634021,-1.1352905,-0.6956177,3.0,4.0,0.0,0.0,0.0,0.0
2.7965941396E10,10.079589,-7.3406224,2.2697031,3.0,1.0,0.0,0.0,0.0,0.0
2.8088697438E10,18.420988,-3.3518825,-2.3989902,3.0,1.0,0.0,0.0,0.0,0.0
2.8190182438E10,17.281347,-1.2210429,-3.2465374,3.0,1.0,0.0,0.0,0.0,0.0
2.830882249E10,11.410766,-1.5753847,-1.4700398,3.0,1.0,0.0,0.0,0.0,0.0
2.8408778375E10,8.173804,0.6847417,-2.2170308,3.0,1.0,0.0,0.0,0.0,0.0
2.8509558948E10,9.313444,0.36391866,-0.89064306,3.0,1.0,0.0,0.0,0.0,0.0
2.8629207229E10,13.800179,-2.5234885,-0.6895301,3.0,1.0,0.0,0.0,0.0,0.0
2.872949676E10,13.862428,-3.9935284,0.39264908,3.0,1.0,0.0,0.0,0.0,0.0
2.8829635875E10,10.223241,-6.6654577,-0.06703765,3.0,1.0,0.0,0.0,0.0,0.0
2.8929511187E10,9.476251,-5.2959743,1.7477672,3.0,1.0,0.0,0.0,0.0,0.0
2.9049173583E10,18.540697,-5.363012,-1.1731589,3.0,1.0,0.0,0.0,0.0,0.0
2.9149560406E10,17.046717,-1.1013328,-4.1371803,3.0,1.0,0.0,0.0,0.0,0.0
2.9249783896E10,11.195287,-2.0015526,-0.4261679,3.0,1.0,0.0,0.0,0.0,0.0
2.9370841239E10,9.035717,-0.8619126,-1.958457,3.0,1.0,0.0,0.0,0.0,0.0
2.9462998895E10,8.863335,0.47884035,-1.6376339,3.0,1.0,0.0,0.0,0.0,0.0
2.9591493479E10,11.353305,-2.777274,-0.79966336,3.0,1.0,0.0,0.0,0.0,0.0
2.9709512177E10,14.96376,-0.60812724,0.10534488,3.0,1.0,0.0,0.0,0.0,0.0
2.9830995979E10,9.993398,-5.674258,0.5650316,3.0,1.0,0.0,0.0,0.0,0.0
2.9929642229E10,9.390059,-5.5497594,1.4173675,3.0,1.0,0.0,0.0,0.0,0.0
3.0030929051E10,13.493721,-5.889736,-0.48362875,3.0,1.0,0.0,0.0,0.0,0.0
3.0089068739E10,0.26019287,0.7510376,0.26953125,3.0,15.0,0.0,0.0,0.0,0.0
3.0146396968E10,12.670115,-1.2641385,-2.7006595,3.0,1.0,0.0,0.0,0.0,0.0
3.0253500562E10,11.362882,-3.122039,-1.0773908,3.0,1.0,0.0,0.0,0.0,0.0
3.0369550041E10,10.481815,-0.1388637,-2.4612393,3.0,1.0,0.0,0.0,0.0,0.0
3.0486329416E10,7.393295,1.3934253,-0.7086837,3.0,1.0,0.0,0.0,0.0,0.0
3.0590169624E10,12.794614,-2.6001031,-0.6895301,3.0,1.0,0.0,0.0,0.0,0.0
3.0692443322E10,17.142485,-2.4612393,1.9249382,3.0,1.0,0.0,0.0,0.0,0.0
3.0793002124E10,7.2783732,-3.9839516,-0.51235914,3.0,1.0,0.0,0.0,0.0,0.0
3.0911996082E10,8.1642275,-5.161899,1.5466543,3.0,1.0,0.0,0.0,0.0,0.0
3.0911996082E10,-0.13381349,-0.27293703,-0.77314454,3.0,4.0,0.0,0.0,0.0,0.0
3.1030422749E10,13.445837,-5.463568,-1.043872,3.0,1.0,0.0,0.0,0.0,0.0
3.1129268218E10,15.945383,-2.8778305,-2.8107927,3.0,1.0,0.0,0.0,0.0,0.0
3.1233086082E10,14.192827,-1.9871874,-2.0207062,3.0,1.0,0.0,0.0,0.0,0.0
3.1332563947E10,10.539276,-1.7286136,-0.90500826,3.0,1.0,0.0,0.0,0.0,0.0
3.1451178166E10,6.8426285,-0.50278234,-1.2641385,3.0,1.0,0.0,0.0,0.0,0.0
3.1573415822E10,10.127473,-1.2401965,-1.4700398,3.0,1.0,0.0,0.0,0.0,0.0
3.1673381343E10,13.259089,-5.377377,-0.29688102,3.0,1.0,0.0,0.0,0.0,0.0
3.179415202E10,8.734048,-4.2999864,-0.7757214,3.0,1.0,0.0,0.0,0.0,0.0
3.1893751811E10,8.365341,-5.161899,1.2354081,3.0,1.0,0.0,0.0,0.0,0.0
3.2011777019E10,8.829816,-5.449203,2.054225,3.0,1.0,0.0,0.0,0.0,0.0
3.2114489103E10,16.103401,-4.7165775,-0.80924016,3.0,1.0,0.0,0.0,0.0,0.0
3.2229817176E10,14.111424,-3.0502129,-3.6248214,3.0,1.0,0.0,0.0,0.0,0.0
3.2350748113E10,9.725247,-1.6711528,-1.0630256,3.0,1.0,0.0,0.0,0.0,0.0
3.247164478E10,7.991845,-0.61770403,-1.283292,3.0,1.0,0.0,0.0,0.0,0.0
3.2574415144E10,8.580819,-1.5993267,-1.043872,3.0,1.0,0.0,0.0,0.0,0.0
3.2694586863E10,11.434708,-2.705448,-0.31603462,3.0,1.0,0.0,0.0,0.0,0.0
3.2813404675E10,11.540052,-2.9831753,0.16759412,3.0,1.0,0.0,0.0,0.0,0.0
3.2929543842E10,9.299079,-4.55856,0.10055647,3.0,1.0,0.0,0.0,0.0,0.0
3.3034220144E10,9.021352,-5.583278,1.1540052,3.0,1.0,0.0,0.0,0.0,0.0
3.3090870925E10,0.26971436,0.7316284,0.24627686,3.0,15.0,0.0,0.0,0.0,0.0
3.315023379E10,12.761095,-5.33907,0.59855044,3.0,1.0,0.0,0.0,0.0,0.0
3.3253753946E10,13.148955,-3.3135753,-1.0055647,3.0,1.0,0.0,0.0,0.0,0.0
3.3353433998E10,15.303738,-1.5370775,-2.681506,3.0,1.0,0.0,0.0,0.0,0.0
3.3473397696E10,10.395624,-1.6759412,-1.0007763,3.0,1.0,0.0,0.0,0.0,0.0
3.3590343633E10,7.1155677,-0.8762778,-0.9864111,3.0,1.0,0.0,0.0,0.0,0.0
3.369557379E10,8.7053175,-1.292869,-0.8858546,3.0,1.0,0.0,0.0,0.0,0.0
3.3815867071E10,12.330139,-4.3526587,0.9959879,3.0,1.0,0.0,0.0,0.0,0.0
3.3916490925E10,12.497733,-2.4756045,0.21547815,3.0,1.0,0.0,0.0,0.0,0.0
3.3916490925E10,-0.3069214,-0.85385746,-1.6981567,3.0,4.0,0.0,0.0,0.0,0.0
3.4034197956E10,9.11712,-3.6104562,0.7326257,3.0,1.0,0.0,0.0,0.0,0.0
3.4133544571E10,8.542512,-4.4675803,1.7238252,3.0,1.0,0.0,0.0,0.0,0.0
3.4236785769E10,11.18571,-3.8259344,0.2777274,3.0,1.0,0.0,0.0,0.0,0.0
3.4352866706E10,10.5919485,-3.2369606,-0.25857377,3.0,1.0,0.0,0.0,0.0,0.0
3.4457995873E10,14.020445,-1.6567876,-2.0398598,3.0,1.0,0.0,0.0,0.0,0.0
3.4557128894E10,9.998186,-1.0247183,-1.6759412,3.0,1.0,0.0,0.0,0.0,0.0
3.4673523321E10,8.51857,-0.9768343,-1.8339585,3.0,1.0,0.0,0.0,0.0,0.0
3.4776802279E10,8.882488,-1.6807296,-1.4508862,3.0,1.0,0.0,0.0,0.0,0.0
3.4877489987E10,13.891158,-1.9632454,-2.5713725,3.0,1.0,0.0,0.0,0.0,0.0
3.4994481237E10,10.884041,-4.0414124,0.05746084,3.0,1.0,0.0,0.0,0.0,0.0
3.5096711497E10,11.291056,-3.9743748,-1.70946,3.0,1.0,0.0,0.0,0.0,0.0
3.5197900352E10,8.394072,-3.4763808,0.45010993,3.0,1.0,0.0,0.0,0.0,0.0
3.5303854935E10,8.480263,-3.5577838,1.6711528,3.0,1.0,0.0,0.0,0.0,0.0
3.5417332539E10,9.662998,-2.896984,2.9400797,3.0,1.0,0.0,0.0,0.0,0.0
3.551819582E10,10.931925,-0.39743748,1.9632454,3.0,1.0,0.0,0.0,0.0,0.0
3.5617504049E10,8.652645,0.5602432,1.7621324,3.0,1.0,0.0,0.0,0.0,0.0
3.5735878528E10,14.729129,-6.8186865,2.5091233,3.0,1.0,0.0,0.0,0.0,0.0
3.5838406601E10,7.1826053,-7.1059904,0.29209262,3.0,1.0,0.0,0.0,0.0,0.0
3.5953866341E10,5.66947,-6.799533,0.9768343,3.0,1.0,0.0,0.0,0.0,0.0
3.6059822122E10,9.509769,-4.582502,0.8571242,3.0,1.0,0.0,0.0,0.0,0.0
3.6091746393E10,0.6713257,0.26220703,0.52130127,3.0,15.0,0.0,0.0,0.0,0.0
3.6178247903E10,10.989386,-1.8674773,0.18195933,3.0,1.0,0.0,0.0,0.0,0.0
3.6278525455E10,12.727576,-2.255338,-1.283292,3.0,1.0,0.0,0.0,0.0,0.0
3.6399119622E10,11.425131,-2.5761611,-0.6943185,3.0,1.0,0.0,0.0,0.0,0.0
3.6498579049E10,8.532935,-1.5897499,-2.0638018,3.0,1.0,0.0,0.0,0.0,0.0
3.661877233E10,6.0956373,-4.582502,-1.0390835,3.0,1.0,0.0,0.0,0.0,0.0
3.6737911653E10,7.8146744,-4.5777135,0.17717093,3.0,1.0,0.0,0.0,0.0,0.0
3.6838929518E10,10.405201,-3.8594532,0.78050977,3.0,1.0,0.0,0.0,0.0,0.0
3.6918833372E10,0.38551027,-0.8230591,1.1289185,3.0,4.0,0.0,0.0,0.0,0.0
3.6953878007E10,15.945383,-4.414908,0.2873042,3.0,1.0,0.0,0.0,0.0,0.0
3.7057565247E10,15.116989,-2.791639,-2.0159178,3.0,1.0,0.0,0.0,0.0,0.0
3.7159818997E10,10.041282,-1.0965444,-0.19632454,3.0,1.0,0.0,0.0,0.0,0.0
3.7279844205E10,7.5848308,-0.15801731,-0.23942018,3.0,1.0,0.0,0.0,0.0,0.0
3.7399810715E10,13.618219,-0.62728083,-3.0693667,3.0,1.0,0.0,0.0,0.0,0.0
3.7499828424E10,12.5982895,-4.7165775,-0.79966336,3.0,1.0,0.0,0.0,0.0,0.0
3.7614854986E10,7.699753,-1.7381904,-1.484405,3.0,1.0,0.0,0.0,0.0,0.0
3.7734041444E10,7.297527,-4.7500963,0.34955344,3.0,1.0,0.0,0.0,0.0,0.0
3.7854828007E10,9.821015,-7.6949644,1.388637,3.0,1.0,0.0,0.0,0.0,0.0
3.7955786548E10,17.750612,-4.050989,-0.1436521,3.0,1.0,0.0,0.0,0.0,0.0
3.8075182382E10,12.35887,-1.5897499,-1.5897499,3.0,1.0,0.0,0.0,0.0,0.0
3.81794716E10,10.266336,-1.4700398,-0.19153613,3.0,1.0,0.0,0.0,0.0,0.0
3.8284945611E10,8.930372,4.036624,-2.8443117,3.0,1.0,0.0,0.0,0.0,0.0
3.8401337225E10,14.144943,-3.1124623,-1.0103531,3.0,1.0,0.0,0.0,0.0,0.0
3.8520163892E10,15.547946,-1.6998832,0.10055647,3.0,1.0,0.0,0.0,0.0,0.0
3.8641464673E10,7.240066,-4.012682,-0.49799395,3.0,1.0,0.0,0.0,0.0,0.0
3.8758565715E10,9.174581,-6.579266,1.9440918,3.0,1.0,0.0,0.0,0.0,0.0
3.8857848736E10,14.092271,-7.752425,-1.3934253,3.0,1.0,0.0,0.0,0.0,0.0
3.8961398527E10,18.406622,-4.1419687,-3.3854012,3.0,1.0,0.0,0.0,0.0,0.0
3.9079099256E10,14.144943,-2.9017725,0.2825158,3.0,1.0,0.0,0.0,0.0,0.0
3.9095160871E10,0.59246826,-0.30792236,0.7439575,3.0,15.0,0.0,0.0,0.0,0.0
3.9179847538E10,9.792285,0.36391866,-1.13964,3.0,1.0,0.0,0.0,0.0,0.0
3.9294280246E10,9.461885,1.5370775,-1.5179238,3.0,1.0,0.0,0.0,0.0,0.0
3.9398790194E10,12.98615,-1.7381904,-1.3790601,3.0,1.0,0.0,0.0,0.0,0.0
3.952021285E10,13.666103,-2.6767175,0.12449849,3.0,1.0,0.0,0.0,0.0,0.0
3.9621908214E10,10.884041,-6.191406,0.81402856,3.0,1.0,0.0,0.0,0.0,0.0
3.9741100142E10,10.630256,-7.038953,1.2210429,3.0,1.0,0.0,0.0,0.0,0.0
3.9842785141E10,16.788143,-7.5321584,-0.16759412,3.0,1.0,0.0,0.0,0.0,0.0
3.9940075871E10,0.99935305,0.5384399,4.52948,3.0,4.0,0.0,0.0,0.0,0.0
3.9958220975E10,17.927782,-3.193865,-3.7014358,3.0,1.0,0.0,0.0,0.0,0.0
4.0061855766E10,13.661315,-2.4899697,0.30645782,3.0,1.0,0.0,0.0,0.0,0.0
4.0163235454E10,8.829816,1.9536686,-3.4045548,3.0,1.0,0.0,0.0,0.0,0.0
4.0277494204E10,10.596737,1.1204864,-3.4284968,3.0,1.0,0.0,0.0,0.0,0.0
4.0377159464E10,14.00608,-1.5514427,-1.6519991,3.0,1.0,0.0,0.0,0.0,0.0
4.0481773475E10,12.469003,-3.4476504,-0.5410896,3.0,1.0,0.0,0.0,0.0,0.0
4.0582972016E10,10.620679,-7.335834,-0.076614454,3.0,1.0,0.0,0.0,0.0,0.0
4.0702840037E10,11.69807,-6.0764837,1.934515,3.0,1.0,0.0,0.0,0.0,0.0
4.080329936E10,14.978126,-9.89763,-0.019153614,3.0,1.0,0.0,0.0,0.0,0.0
4.0923670922E10,14.528016,-2.8299465,-4.074931,3.0,1.0,0.0,0.0,0.0,0.0
4.1044521912E10,11.678916,-1.6807296,-2.9017725,3.0,1.0,0.0,0.0,0.0,0.0
4.1161717224E10,10.730812,2.0494366,-3.3087866,3.0,1.0,0.0,0.0,0.0,0.0
4.1265450141E10,10.237606,-0.7517793,-1.0726024,3.0,1.0,0.0,0.0,0.0,0.0
4.1379164568E10,13.88637,-2.6144683,-0.81402856,3.0,1.0,0.0,0.0,0.0,0.0
4.1485198891E10,11.281479,-3.3518825,-0.320823,3.0,1.0,0.0,0.0,0.0,0.0
4.1584096339E10,8.959103,-7.1826053,0.51714754,3.0,1.0,0.0,0.0,0.0,0.0
4.1685211599E10,13.445837,-7.666234,-0.25378537,3.0,1.0,0.0,0.0,0.0,0.0
4.1800444151E10,14.887146,-3.4093432,-4.0318356,3.0,1.0,0.0,0.0,0.0,0.0
4.1900645974E10,11.798626,-3.107674,-1.3455414,3.0,1.0,0.0,0.0,0.0,0.0
4.2005610245E10,9.902418,0.05746084,-2.2122424,3.0,1.0,0.0,0.0,0.0,0.0
4.2099530245E10,0.50042725,-0.3040161,0.80389404,3.0,15.0,0.0,0.0,0.0,0.0
4.2120121911E10,10.376471,1.6759412,-3.3279405,3.0,1.0,0.0,0.0,0.0,0.0
4.2224693318E10,13.110648,-1.7717092,-2.5617957,3.0,1.0,0.0,0.0,0.0,0.0
4.2326083891E10,12.272678,-2.7868507,0.5410896,3.0,1.0,0.0,0.0,0.0,0.0
4.2443117484E10,7.714118,-4.5441947,0.18195933,3.0,1.0,0.0,0.0,0.0,0.0
4.254524738E10,11.7268,-7.9008656,0.82360536,3.0,1.0,0.0,0.0,0.0,0.0
4.2645672276E10,19.120094,-7.2352777,-0.89543146,3.0,1.0,0.0,0.0,0.0,0.0
4.2765920245E10,15.006856,-2.6431987,-3.8259344,3.0,1.0,0.0,0.0,0.0,0.0
4.2880145088E10,11.15698,-2.3942018,-2.0159178,3.0,1.0,0.0,0.0,0.0,0.0
4.2961245557E10,2.2015502,0.2442627,2.0082643,3.0,4.0,0.0,0.0,0.0,0.0
4.2979914567E10,10.146626,-0.0047884034,-3.2944214,3.0,1.0,0.0,0.0,0.0,0.0
4.308338889E10,9.615114,1.8531121,-3.9073372,3.0,1.0,0.0,0.0,0.0,0.0
4.3185964411E10,12.952631,-1.7812861,-2.4995465,3.0,1.0,0.0,0.0,0.0,0.0
4.330604488E10,9.385271,-5.2480903,1.7142484,3.0,1.0,0.0,0.0,0.0,0.0
4.3406206494E10,9.682152,-5.4061074,0.78529817,3.0,1.0,0.0,0.0,0.0,0.0
4.3521538265E10,12.947843,-6.5361705,0.79487497,3.0,1.0,0.0,0.0,0.0,0.0
4.3624480609E10,16.443377,-4.984728,-1.4748282,3.0,1.0,0.0,0.0,0.0,0.0
4.3741767223E10,12.004527,-2.5570073,-1.9297266,3.0,1.0,0.0,0.0,0.0,0.0
4.3844271442E10,10.70687,-1.3742718,-2.183512,3.0,1.0,0.0,0.0,0.0,0.0
4.394662889E10,11.080365,2.3463178,-4.9224787,3.0,1.0,0.0,0.0,0.0,0.0
4.4044904202E10,10.486604,-0.4357447,-1.4652514,3.0,1.0,0.0,0.0,0.0,0.0
4.4147013629E10,13.546393,-1.6232687,-1.0773908,3.0,1.0,0.0,0.0,0.0,0.0
4.4266589619E10,8.346188,-4.8985367,-0.5363012,3.0,1.0,0.0,0.0,0.0,0.0
4.4365287536E10,12.378023,-6.6367273,1.0199299,3.0,1.0,0.0,0.0,0.0,0.0
4.4466859515E10,13.192051,-7.445967,1.2785037,3.0,1.0,0.0,0.0,0.0,0.0
4.4582938004E10,16.060305,-3.5290532,-3.5817258,3.0,1.0,0.0,0.0,0.0,0.0
4.4707543994E10,9.3421755,-3.0693667,-0.29209262,3.0,1.0,0.0,0.0,0.0,0.0
4.4808249775E10,10.793061,-0.10534488,-3.9456444,3.0,1.0,0.0,0.0,0.0,0.0
4.4923339671E10,10.994174,1.8722657,-3.0262709,3.0,1.0,0.0,0.0,0.0,0.0
4.5027280869E10,11.702858,-2.1164744,-1.0247183,3.0,1.0,0.0,0.0,0.0,0.0
4.5104142848E10,0.63671875,-0.18011475,0.72662354,3.0,15.0,0.0,0.0,0.0,0.0
4.514300441E10,10.022128,-3.8163576,1.1731589,3.0,1.0,0.0,0.0,0.0,0.0
4.524564165E10,8.623915,-4.7309427,1.7956513,3.0,1.0,0.0,0.0,0.0,0.0
4.5347254827E10,11.554418,-8.0445175,3.5625722,3.0,1.0,0.0,0.0,0.0,0.0
4.5449014358E10,17.357962,-7.656657,-1.6424223,3.0,1.0,0.0,0.0,0.0,0.0
4.5548447431E10,15.030798,-1.388637,-3.4093432,3.0,1.0,0.0,0.0,0.0,0.0
4.5667700921E10,10.127473,-1.0965444,-1.2737153,3.0,1.0,0.0,0.0,0.0,0.0
4.5768824306E10,7.1826053,-0.79487497,-1.8866309,3.0,1.0,0.0,0.0,0.0,0.0
4.5884641337E10,12.090718,-0.08619126,-3.596091,3.0,1.0,0.0,0.0,0.0,0.0
4.5969521077E10,-1.2223755,0.25913087,-4.713208,3.0,4.0,0.0,0.0,0.0,0.0
4.5984661389E10,14.226347,-4.3766007,-1.5035586,3.0,1.0,0.0,0.0,0.0,0.0
4.6089359254E10,11.200075,-4.783615,0.4309563,3.0,1.0,0.0,0.0,0.0,0.0
4.6209088004E10,8.916007,-4.999093,1.5370775,3.0,1.0,0.0,0.0,0.0,0.0
4.6342849306E10,13.158532,-4.7165775,0.48362875,3.0,1.0,0.0,0.0,0.0,0.0
4.6450197743E10,15.86398,-3.5194764,-3.8546648,3.0,1.0,0.0,0.0,0.0,0.0
4.6565497014E10,9.131485,-1.9201498,-0.11971009,3.0,1.0,0.0,0.0,0.0,0.0
4.6666899826E10,8.643068,-0.4261679,-1.8962077,3.0,1.0,0.0,0.0,0.0,0.0
4.677039592E10,10.524911,-0.10055647,-3.4572272,3.0,1.0,0.0,0.0,0.0,0.0
4.6870526128E10,10.960655,-1.0965444,-1.7669208,3.0,1.0,0.0,0.0,0.0,0.0
4.6988177795E10,13.01488,-3.1603463,0.19632454,3.0,1.0,0.0,0.0,0.0,0.0
4.7090756441E10,7.6231384,-4.4484267,0.02873042,3.0,1.0,0.0,0.0,0.0,0.0
4.720808191E10,11.908759,-5.2289367,1.6376339,3.0,1.0,0.0,0.0,0.0,0.0
4.7326865868E10,16.242264,-6.7947445,-0.4165911,3.0,1.0,0.0,0.0,0.0,0.0
4.7449516962E10,15.203181,-0.8571242,-4.644751,3.0,1.0,0.0,0.0,0.0,0.0
4.7570247691E10,11.391612,-1.8148049,-1.1540052,3.0,1.0,0.0,0.0,0.0,0.0
4.7669248993E10,9.763555,0.56982,-2.767697,3.0,1.0,0.0,0.0,0.0,0.0
4.7769826649E10,11.468226,-0.18674773,-1.4748282,3.0,1.0,0.0,0.0,0.0,0.0
4.7872556024E10,12.607866,-2.992752,-0.5602432,3.0,1.0,0.0,0.0,0.0,0.0
4.7989466753E10,9.586384,-3.7301662,-0.7278373,3.0,1.0,0.0,0.0,0.0,0.0
4.8089851128E10,9.710882,-7.3310456,0.91458505,3.0,1.0,0.0,0.0,0.0,0.0
4.8106216076E10,0.69537354,-0.08050537,0.6068115,3.0,15.0,0.0,0.0,0.0,0.0
4.8190481388E10,11.990162,-6.0046577,0.29209262,3.0,1.0,0.0,0.0,0.0,0.0
4.8291571961E10,17.51119,-5.90889,-0.56982,3.0,1.0,0.0,0.0,0.0,0.0
4.8412111961E10,16.19917,-1.0534488,-3.9025488,3.0,1.0,0.0,0.0,0.0,0.0
4.8533467482E10,8.221688,-0.7565677,-0.50757074,3.0,1.0,0.0,0.0,0.0,0.0
4.8652033159E10,8.781932,1.1923125,-1.8004397,3.0,1.0,0.0,0.0,0.0,0.0
4.8766798367E10,13.378799,-1.8052281,-0.7182605,3.0,1.0,0.0,0.0,0.0,0.0
4.8871756753E10,15.634137,-3.964798,0.06703765,3.0,1.0,0.0,0.0,0.0,0.0
4.898993993E10,7.273585,-6.71813,-0.37828386,3.0,1.0,0.0,0.0,0.0,0.0
4.898993993E10,1.1979493,-0.8644776,-2.433069,3.0,4.0,0.0,0.0,0.0,0.0
4.9110222013E10,11.190498,-7.062895,0.23463176,3.0,1.0,0.0,0.0,0.0,0.0
4.921301545E10,18.660408,-5.6215854,-0.93852705,3.0,1.0,0.0,0.0,0.0,0.0
4.9333083836E10,14.173674,-1.3359646,-3.4045548,3.0,1.0,0.0,0.0,0.0,0.0
4.9451741232E10,10.036493,-1.9488802,-4.084508,3.0,1.0,0.0,0.0,0.0,0.0
4.9573337325E10,9.035717,2.8060043,-4.333505,3.0,1.0,0.0,0.0,0.0,0.0
4.9673748627E10,13.962984,-1.4077905,-2.2457612,3.0,1.0,0.0,0.0,0.0,0.0
4.9792538992E10,17.563864,-1.6089035,-0.48362875,3.0,1.0,0.0,0.0,0.0,0.0
4.9893765763E10,5.837064,-6.7468605,-0.4213795,3.0,1.0,0.0,0.0,0.0,0.0
5.00108792E10,8.571242,-5.6551046,0.90500826,3.0,1.0,0.0,0.0,0.0,0.0
5.0129499044E10,19.177555,-5.693412,-1.9680338,3.0,1.0,0.0,0.0,0.0,0.0
5.0251813419E10,15.524004,-2.7102363,-2.791639,3.0,1.0,0.0,0.0,0.0,0.0
5.0371975398E10,12.933477,-1.1204864,-1.541866,3.0,1.0,0.0,0.0,0.0,0.0
5.0471794669E10,8.346188,4.0318356,-2.6671407,3.0,1.0,0.0,0.0,0.0,0.0
5.0592741387E10,13.996503,0.545878,-3.667917,3.0,1.0,0.0,0.0,0.0,0.0
5.0709649564E10,17.525557,-1.6950948,-1.6663644,3.0,1.0,0.0,0.0,0.0,0.0
5.0813842794E10,7.920019,-8.111555,0.58897364,3.0,1.0,0.0,0.0,0.0,0.0
5.0930069252E10,10.730812,-2.327164,0.9624691,3.0,1.0,0.0,0.0,0.0,0.0
5.1032097325E10,15.50485,-6.895301,-0.7422025,3.0,1.0,0.0,0.0,0.0,0.0
5.1111797377E10,0.72802734,-0.10852051,0.58270264,3.0,15.0,0.0,0.0,0.0,0.0
5.1149657846E10,14.767436,-1.091756,-2.9640217,3.0,1.0,0.0,0.0,0.0,0.0
5.12551867E10,13.876793,-2.0638018,-1.2401965,3.0,1.0,0.0,0.0,0.0,0.0
5.1370827429E10,10.481815,1.0869676,-2.7006595,3.0,1.0,0.0,0.0,0.0,0.0
5.1491951283E10,9.581595,1.3311762,-3.1842883,3.0,1.0,0.0,0.0,0.0,0.0
5.1591637064E10,13.268666,-3.4141316,0.6943185,3.0,1.0,0.0,0.0,0.0,0.0
5.1695702845E10,17.041927,0.04309563,-1.4221559,3.0,1.0,0.0,0.0,0.0,0.0
5.1796881908E10,7.73806,-3.2034419,-0.9576807,3.0,1.0,0.0,0.0,0.0,0.0
5.1911813418E10,11.305421,-6.172252,1.3934253,3.0,1.0,0.0,0.0,0.0,0.0
5.1995469147E10,1.3211426,-0.6531372,0.07965088,3.0,4.0,0.0,0.0,0.0,0.0
5.203237821E10,18.315643,-6.1004257,-1.8914193,3.0,1.0,0.0,0.0,0.0,0.0
5.2136070189E10,16.127342,0.8571242,-3.9360676,3.0,1.0,0.0,0.0,0.0,0.0
5.225429347E10,11.540052,-2.1452048,-1.1348516,3.0,1.0,0.0,0.0,0.0,0.0
5.2376383262E10,8.250419,0.7757214,-1.6184803,3.0,1.0,0.0,0.0,0.0,0.0
5.2494130397E10,9.222465,-0.49320555,0.18674773,3.0,1.0,0.0,0.0,0.0,0.0
5.2595928522E10,16.409859,-3.7014358,-1.0295067,3.0,1.0,0.0,0.0,0.0,0.0
5.2696708887E10,8.42759,-6.799533,0.48362875,3.0,1.0,0.0,0.0,0.0,0.0
5.2812169095E10,9.112331,-4.343082,-1.115698,3.0,1.0,0.0,0.0,0.0,0.0
5.2916308887E10,9.993398,-6.14831,-0.0047884034,3.0,1.0,0.0,0.0,0.0,0.0
5.3017001855E10,16.634912,-7.7428484,0.0047884034,3.0,1.0,0.0,0.0,0.0,0.0
5.3131805761E10,15.509639,-0.59855044,-3.0933087,3.0,1.0,0.0,0.0,0.0,0.0
5.325306472E10,9.734824,-1.2737153,0.59855044,3.0,1.0,0.0,0.0,0.0,0.0
5.3381971959E10,8.0684595,-0.8571242,-0.50757074,3.0,1.0,0.0,0.0,0.0,0.0
5.349733524E10,10.692505,-2.8682537,-1.508347,3.0,1.0,0.0,0.0,0.0,0.0
5.3597296647E10,10.649409,-10.055647,-2.078167,3.0,1.0,0.0,0.0,0.0,0.0
5.3697769407E10,2.0254946,-4.9176903,1.982399,3.0,1.0,0.0,0.0,0.0,0.0
5.3813713209E10,8.001422,-5.386954,-0.11971009,3.0,1.0,0.0,0.0,0.0,0.0
5.3915220084E10,10.424355,-6.6989765,-0.1388637,3.0,1.0,0.0,0.0,0.0,0.0
5.4037478209E10,14.609419,-8.676587,-0.7038953,3.0,1.0,0.0,0.0,0.0,0.0
5.4116737011E10,0.40441895,-0.62091064,0.6229248,3.0,15.0,0.0,0.0,0.0,0.0
5.469298899E10,8.494628,-4.4340615,0.9672575,3.0,1.0,0.0,0.0,0.0,0.0
5.4797205552E10,4.7070007,-1.661576,1.0534488,3.0,1.0,0.0,0.0,0.0,0.0
5.4896925292E10,9.169792,-4.295198,0.8714894,3.0,1.0,0.0,0.0,0.0,0.0
5.4997279979E10,13.627796,-4.247314,0.7613561,3.0,1.0,0.0,0.0,0.0,0.0
5.4997279979E10,1.2945923,-0.73703617,-0.026550293,3.0,4.0,0.0,0.0,0.0,0.0
5.5118871698E10,13.9438305,-1.8866309,-1.8339585,3.0,1.0,0.0,0.0,0.0,0.0
5.5217425396E10,10.103531,-0.8619126,-2.3798366,3.0,1.0,0.0,0.0,0.0,0.0
5.5334892063E10,7.3645644,-2.3942018,-0.90979666,3.0,1.0,0.0,0.0,0.0,0.0
5.5439182167E10,8.039729,-1.3694834,-1.2162545,3.0,1.0,0.0,0.0,0.0,0.0
5.5538913E10,10.869676,-0.5363012,-1.2593501,3.0,1.0,0.0,0.0,0.0,0.0
5.5654444198E10,13.88637,-4.3766007,-0.33039984,3.0,1.0,0.0,0.0,0.0,0.0
5.578005774E10,6.4260373,-3.4859576,-0.4213795,3.0,1.0,0.0,0.0,0.0,0.0
5.5896496229E10,9.030929,-4.0414124,0.79487497,3.0,1.0,0.0,0.0,0.0,0.0
5.6020288989E10,15.873557,-6.2105594,-0.5746084,3.0,1.0,0.0,0.0,0.0,0.0
5.6140203104E10,12.253524,-1.9057846,-2.3989902,3.0,1.0,0.0,0.0,0.0,0.0
5.6239837062E10,9.998186,-1.8052281,-0.8858546,3.0,1.0,0.0,0.0,0.0,0.0
5.6340719302E10,9.11712,-2.4947581,-1.388637,3.0,1.0,0.0,0.0,0.0,0.0
5.6459583833E10,8.882488,-3.3758245,-1.412579,3.0,1.0,0.0,0.0,0.0,0.0
5.6559512791E10,9.548077,-3.9552212,0.5363012,3.0,1.0,0.0,0.0,0.0,0.0
5.6661000239E10,10.769119,-5.841852,2.3750482,3.0,1.0,0.0,0.0,0.0,0.0
5.6781131593E10,3.8738184,-4.88896,3.1794999,3.0,1.0,0.0,0.0,0.0,0.0
5.6899730916E10,3.8307228,-8.595184,2.906561,3.0,1.0,0.0,0.0,0.0,0.0
5.7017858781E10,7.2113357,-8.686164,3.5529952,3.0,1.0,0.0,0.0,0.0,0.0
5.7138870031E10,0.21118164,-0.5753174,0.73968506,3.0,15.0,0.0,0.0,0.0,0.0
5.7139502687E10,11.918336,-10.831368,1.5035586,3.0,1.0,0.0,0.0,0.0,0.0
5.7241551958E10,5.7029886,-5.4300494,1.3790601,3.0,1.0,0.0,0.0,0.0,0.0
5.7359838364E10,5.410896,-4.697424,0.47405192,3.0,1.0,0.0,0.0,0.0,0.0
5.7459867322E10,7.311892,-4.2664676,1.13964,3.0,1.0,0.0,0.0,0.0,0.0
5.7581970603E10,8.475474,-2.3750482,1.3359646,3.0,1.0,0.0,0.0,0.0,0.0
5.7683561958E10,12.631808,-5.473145,2.183512,3.0,1.0,0.0,0.0,0.0,0.0
5.779749727E10,13.651738,-2.9831753,-1.340753,3.0,1.0,0.0,0.0,0.0,0.0
5.7902316801E10,6.8330517,-4.1659107,-0.41180268,3.0,1.0,0.0,0.0,0.0,0.0
5.8000252739E10,0.42268068,-0.6510132,-0.46622315,3.0,4.0,0.0,0.0,0.0,0.0
5.8017415187E10,8.513782,-4.3766007,0.36870706,3.0,1.0,0.0,0.0,0.0,0.0
5.8117064926E10,9.591172,-4.5441947,1.316811,3.0,1.0,0.0,0.0,0.0,0.0
5.8222190291E10,17.48246,-3.2848446,-0.7422025,3.0,1.0,0.0,0.0,0.0,0.0
5.8321095187E10,13.474567,-1.3742718,-2.4612393,3.0,1.0,0.0,0.0,0.0,0.0
5.8439772895E10,9.610326,-2.858677,0.0047884034,3.0,1.0,0.0,0.0,0.0,0.0
5.8560222322E10,8.293514,-1.5227122,-1.1683705,3.0,1.0,0.0,0.0,0.0,0.0
5.8662793311E10,7.651869,-1.9153614,-0.17717093,3.0,1.0,0.0,0.0,0.0,0.0
5.8780470395E10,10.888829,-3.0933087,1.340753,3.0,1.0,0.0,0.0,0.0,0.0
5.8884471384E10,11.832145,-3.5098996,3.6583402,3.0,1.0,0.0,0.0,0.0,0.0
5.8998393259E10,10.860099,-0.7134721,3.0597897,3.0,1.0,0.0,0.0,0.0,0.0
5.910371279E10,7.517793,-2.231396,2.1068976,3.0,1.0,0.0,0.0,0.0,0.0
5.9203300186E10,8.676587,-2.5139117,2.6384103,3.0,1.0,0.0,0.0,0.0,0.0
5.9319586332E10,8.743625,-1.3120226,1.70946,3.0,1.0,0.0,0.0,0.0,0.0
5.9439656384E10,8.379706,-1.0199299,1.661576,3.0,1.0,0.0,0.0,0.0,0.0
5.9538290707E10,10.070012,-1.9249382,1.2449849,3.0,1.0,0.0,0.0,0.0,0.0
5.9641708832E10,9.260772,-4.3143516,-0.58897364,3.0,1.0,0.0,0.0,0.0,0.0
5.9749980394E10,11.080365,-5.7365074,-3.2130187,3.0,1.0,0.0,0.0,0.0,0.0
5.9858695603E10,9.706094,-8.552089,-1.7956513,3.0,1.0,0.0,0.0,0.0,0.0
5.9960522217E10,8.451532,-9.030929,-1.70946,3.0,1.0,0.0,0.0,0.0,0.0
6.0061706071E10,6.0381765,-7.28795,-0.24420857,3.0,1.0,0.0,0.0,0.0,0.0
6.0142925967E10,0.49353027,-0.3809204,0.5602417,3.0,15.0,0.0,0.0,0.0,0.0
6.0179006436E10,3.442862,-7.4746976,-1.3024458,3.0,1.0,0.0,0.0,0.0,0.0
6.0284300707E10,1.5562311,-8.24563,-1.6711528,3.0,1.0,0.0,0.0,0.0,0.0
6.0385211904E10,1.4077905,-9.361329,-1.4173675,3.0,1.0,0.0,0.0,0.0,0.0
6.0500455915E10,1.6328455,-8.963891,-1.6567876,3.0,1.0,0.0,0.0,0.0,0.0
6.0601095134E10,2.5378537,-9.940725,-1.3790601,3.0,1.0,0.0,0.0,0.0,0.0
6.0704739352E10,2.2218192,-8.882488,-3.1124623,3.0,1.0,0.0,0.0,0.0,0.0
6.0821074456E10,2.9640217,-9.102755,-4.8027687,3.0,1.0,0.0,0.0,0.0,0.0
6.0940236123E10,1.2545617,-8.255207,-5.463568,3.0,1.0,0.0,0.0,0.0,0.0
6.1021984821E10,0.86978763,-0.39188233,0.5097656,3.0,4.0,0.0,0.0,0.0,0.0
6.1060696019E10,1.5897499,-8.7532015,-4.630386,3.0,1.0,0.0,0.0,0.0,0.0
6.1160547842E10,0.90979666,-9.337387,-4.012682,3.0,1.0,0.0,0.0,0.0,0.0
6.1261964612E10,1.7286136,-8.939949,-4.7405195,3.0,1.0,0.0,0.0,0.0,0.0
6.1365631071E10,1.436521,-9.514558,-2.4037786,3.0,1.0,0.0,0.0,0.0,0.0
6.1481978727E10,0.79008657,-9.821015,-2.944868,3.0,1.0,0.0,0.0,0.0,0.0
6.158221555E10,0.5315128,-10.204087,-2.2457612,3.0,1.0,0.0,0.0,0.0,0.0
6.1684070914E10,-0.14844051,-9.935937,-0.8762778,3.0,1.0,0.0,0.0,0.0,0.0
6.1786555706E10,-0.4309563,-9.390059,-0.090979666,3.0,1.0,0.0,0.0,0.0,0.0
6.190543805E10,-0.4405331,-10.199299,-0.62249243,3.0,1.0,0.0,0.0,0.0,0.0
6.2027389248E10,-0.5650316,-9.433155,0.40222588,3.0,1.0,0.0,0.0,0.0,0.0
6.214281831E10,-0.545878,-9.835381,0.44532153,3.0,1.0,0.0,0.0,0.0,0.0
6.2267182268E10,-0.641646,-9.801862,0.019153614,3.0,1.0,0.0,0.0,0.0,0.0
6.2385294977E10,-0.21547815,-9.131485,-0.48362875,3.0,1.0,0.0,0.0,0.0,0.0
6.2486156904E10,-0.110133275,-10.0748005,-1.0534488,3.0,1.0,0.0,0.0,0.0,0.0
6.2587421747E10,-0.10534488,-9.648633,-1.8004397,3.0,1.0,0.0,0.0,0.0,0.0
6.2707512893E10,0.23463176,-10.0508585,-1.661576,3.0,1.0,0.0,0.0,0.0,0.0
6.2804799195E10,0.4261679,-9.442732,-1.0965444,3.0,1.0,0.0,0.0,0.0,0.0
